title,author,rating,reviews,price,year,fiction flag
10-Day Green Smoothie Cleanse,JJ Smith,4.7,27719,1.44,2016,FALSE
11/22/63: A Novel,Stephen King,4.7,2588,2.81,2011,TRUE
12 Rules for Life: An Antidote to Chaos,Jordan B. Peterson,4.7,39960,7.31,2018,FALSE
"1984 (Signet Classics), Book Cover May Vary",George Orwell,4.7,49411,0.86,2017,TRUE
"5,000 Awesome Facts (About Everything!) (National Geographic Kids)",National Kids,4.8,15160,2.5,2019,FALSE
A Dance with Dragons (A Song of Ice and Fire),George R. R. Martin,4.5,15344,0.6,2011,TRUE
A Game of Thrones / A Clash of Kings / A Storm of Swords / A Feast of Crows / A Dance with Dragons,George R. R. Martin,4.7,26208,12.95,2014,TRUE
A Gentleman in Moscow: A Novel,Amor Towles,4.7,33545,13,2017,TRUE
"A Higher Loyalty: Truth, Lies, and Leadership",James Comey,4.7,7952,6.3,2018,FALSE
A Man Called Ove: A Novel,Fredrik Backman,4.6,37764,0.94,2017,TRUE
A Man Called Ove: A Novel,Fredrik Backman,4.6,37764,0.94,2016,TRUE
A Patriot's History of the United States: From Columbus's Great Discovery to the War on Terror,Larry Schweikart,4.7,539,2.37,2010,FALSE
A Promised Land,Barack Obama,4.9,110527,5.44,2020,FALSE
A Stolen Life: A Memoir,Jaycee Dugard,4.7,5301,1.57,2011,FALSE
A Wrinkle in Time (Time Quintet),Madeleine L'Engle,4.6,1697194,5.35,2018,TRUE
"Adult Coloring Book Designs: Stress Relief Coloring Book: Garden Designs, Mandalas, Animals, and Paisley Patterns",no author,4.5,2914,4.99,2016,FALSE
Adult Coloring Book: Stress Relieving Animal Designs,Blue Star Coloring,4.6,3656,1.07,2015,FALSE
Adult Coloring Book: Stress Relieving Patterns,Blue Star Coloring,4.5,3928,1.25,2015,FALSE
"Adult Coloring Books: A Coloring Book for Adults Featuring Mandalas and Henna Inspired Flowers, Animals, and Paisley・ｦ",Coloring Books for Adults,4.5,2942,0.99,2015,FALSE
Alexander Hamilton,Ron Chernow,4.8,16532,2.29,2016,FALSE
All the Light We Cannot See,Anthony Doerr,4.6,49298,14.53,2015,TRUE
All the Light We Cannot See,Anthony Doerr,4.6,49298,14.53,2014,TRUE
Allegiant,Veronica Roth,3.8,22026,12.99,2013,TRUE
American Dirt (Oprah's Book Club): A Novel,Jeanine Cummins,4.6,47043,16.75,2020,TRUE
American Sniper: The Autobiography of the Most Lethal Sniper in U.S. Military History,Chris Kyle,4.6,18017,0.35,2015,FALSE
And the Mountains Echoed,Khaled Hosseini,4.3,14376,14.99,2013,TRUE
Astrophysics for People in a Hurry,Neil deGrasse Tyson,4.7,16419,2.11,2017,FALSE
Atomic Habits: An Easy & Proven Way to Build Good Habits & Break Bad Ones,James Clear,4.8,47168,11.4,2020,FALSE
"Autobiography of Mark Twain, Vol. 1",Mark Twain,4.3,575,19.39,2010,FALSE
Baby Touch and Feel: Animals,DK,4.7,9118,0.25,2015,FALSE
Balance (Angie・・s Extreme Stress Menders),Angie Grace,4.5,2176,11.95,2015,FALSE
Barefoot Contessa Foolproof: Recipes You Can Trust: A Cookbook,Ina Garten,4.8,1958,3.04,2012,FALSE
"Barefoot Contessa, How Easy Is That?: Fabulous Recipes & Easy Tips",Ina Garten,4.8,1015,16.8,2010,FALSE
Becoming,Michelle Obama,4.8,114201,1.56,2020,FALSE
Becoming,Michelle Obama,4.8,114201,1.56,2019,FALSE
Becoming,Michelle Obama,4.8,114201,1.56,2018,FALSE
Being Mortal: Medicine and What Matters in the End,Atul Gawande,4.8,15055,16.67,2015,FALSE
Between the World and Me,Ta-Nehisi Coates,4.6,1697194,7.99,2015,TRUE
Between the World and Me,Ta-Nehisi Coates,4.6,1697194,7.99,2016,TRUE
Born to Run,Bruce Springsteen,4.7,4907,1.53,2016,FALSE
"Broke: The Plan to Restore Our Trust, Truth and Treasure",Glenn Beck,4.5,516,9.99,2010,TRUE
"Brown Bear, Brown Bear, What Do You See?",Bill Martin Jr.,4.9,31444,1.25,2019,TRUE
"Brown Bear, Brown Bear, What Do You See?",Bill Martin Jr.,4.9,31444,1.25,2020,TRUE
"Brown Bear, Brown Bear, What Do You See?",Bill Martin Jr.,4.9,31444,1.25,2017,TRUE
Burn After Writing,Sharon Jones,4.6,32219,1.4,2020,FALSE
"Cabin Fever (Diary of a Wimpy Kid, Book 6)",Jeff Kinney,4.8,8082,16.99,2011,TRUE
Calm the F*ck Down: An Irreverent Adult Coloring Book,Sasha O'Hara,4.6,19245,4.99,2016,FALSE
Can't Hurt Me: Master Your Mind and Defy the Odds,David Goggins,4.8,40261,10.41,2019,FALSE
Capital in the Twenty First Century,Thomas Piketty,4.5,3945,26.39,2014,FALSE
Caste (Oprah's Book Club): The Origins of Our Discontents,Isabel Wilkerson,4.8,31164,11,2020,FALSE
Catching Fire (The Hunger Games),Suzanne Collins,4.7,27739,10.3,2011,TRUE
Catching Fire (The Hunger Games),Suzanne Collins,4.7,27739,10.3,2012,TRUE
Catching Fire (The Hunger Games),Suzanne Collins,4.7,27739,10.3,2010,TRUE
Chicka Chicka Boom Boom (Board Book),Bill Martin Jr.,4.9,25086,0.91,2020,TRUE
Cravings: Recipes for All the Food You Want to Eat: A Cookbook,Chrissy Teigen,4.7,9829,2.62,2016,FALSE
Crazy Love: Overwhelmed by a Relentless God,Francis Chan,4.7,1792,18,2010,FALSE
Crazy Love: Overwhelmed by a Relentless God,Francis Chan,4.7,1792,18,2011,FALSE
Crazy Rich Asians (Crazy Rich Asians Trilogy),Kevin Kwan,4.4,9274,12.52,2018,TRUE
Creative Haven Creative Cats Coloring Book (Adult Coloring),Marjorie Sarnat,4.8,4744,0.97,2015,FALSE
Creative Haven Owls Coloring Book (Adult Coloring),Marjorie Sarnat,4.7,4665,1.23,2015,FALSE
Cutting for Stone,Abraham Verghese,4.6,5838,0.35,2010,TRUE
Cutting for Stone,Abraham Verghese,4.6,5838,0.35,2011,TRUE
"Daring Greatly: How the Courage to Be Vulnerable Transforms the Way We Live, Love, Parent, and Lead",Breneﾌ・ Brown,4.8,2176,3.82,2013,FALSE
"David and Goliath: Underdogs, Misfits, and the Art of Battling Giants",Malcolm Gladwell,4.5,6164,24.57,2013,FALSE
"Dead Reckoning (Sookie Stackhouse/True Blood, Book 11)",Charlaine Harris,4.5,2887,13.99,2011,TRUE
"Dead in the Family (Sookie Stackhouse/True Blood, Book 10)",Charlaine Harris,4.5,2653,13.69,2010,TRUE
Dear Zoo: A Lift-the-Flap Book,Rod Campbell,4.8,20502,1.15,2015,TRUE
Dear Zoo: A Lift-the-Flap Book,Rod Campbell,4.8,20502,1.15,2018,TRUE
Dear Zoo: A Lift-the-Flap Book,Rod Campbell,4.8,20502,1.15,2016,TRUE
Dear Zoo: A Lift-the-Flap Book,Rod Campbell,4.8,20502,1.15,2017,TRUE
Decision Points,George W. Bush,4.6,2283,15.99,2010,FALSE
"Delivering Happiness: A Path to Profits, Passion, and Purpose",Tony Hsieh,4.6,2674,0.94,2010,FALSE
"Diagnostic and Statistical Manual of Mental Disorders, 5th Edition: DSM-5",American Psychiatric Association,4.6,9391,81.98,2013,FALSE
"Diagnostic and Statistical Manual of Mental Disorders, 5th Edition: DSM-5",American Psychiatric Association,4.6,9391,81.98,2014,FALSE
Diary of a Wimpy Kid #10: Old School,Jeff Kinney,4.8,10489,0.35,2015,TRUE
Diary of a Wimpy Kid #11: Double Down,Jeff Kinney,4.8,10210,11.99,2016,TRUE
Diary of a Wimpy Kid #13: Meltdown,Jeff Kinney,4.8,14966,5.36,2018,TRUE
"Diary of a Wimpy Kid: Hard Luck, Book 8",Jeff Kinney,4.8,9606,14,2013,TRUE
Diary of a Wimpy Kid: The Long Haul,Jeff Kinney,4.8,10236,0.86,2014,TRUE
Difficult Riddles For Smart Kids: 300 Difficult Riddles And Brain Teasers Families Will Love,M Prefontaine,4.6,21442,0.73,2019,FALSE
Divergent,Veronica Roth,4.6,29086,13.27,2014,TRUE
Divergent,Veronica Roth,4.6,29086,13.27,2013,TRUE
Divergent / Insurgent,Veronica Roth,4.6,19148,1.14,2014,TRUE
Doctor Sleep: A Novel,Stephen King,4.7,20778,1.99,2013,TRUE
Dog Man and Cat Kid: From the Creator of Captain Underpants (Dog Man #4),Dav Pilkey,4.9,11947,0.59,2018,TRUE
Dog Man: A Tale of Two Kitties: From the Creator of Captain Underpants (Dog Man #3),Dav Pilkey,4.9,12103,1.25,2017,TRUE
Dog Man: Brawl of the Wild: From the Creator of Captain Underpants (Dog Man #6),Dav Pilkey,4.9,14899,1.16,2018,TRUE
Dog Man: Brawl of the Wild: From the Creator of Captain Underpants (Dog Man #6),Dav Pilkey,4.9,14899,1.16,2019,TRUE
Dog Man: Fetch-22: From the Creator of Captain Underpants (Dog Man #8),Dav Pilkey,4.9,23245,7.76,2019,TRUE
Dog Man: For Whom the Ball Rolls: From the Creator of Captain Underpants (Dog Man #7),Dav Pilkey,4.9,18437,6.42,2019,TRUE
Dog Man: Grime and Punishment: From the Creator of Captain Underpants (Dog Man #9) (9),Dav Pilkey,4.9,36714,6.48,2020,TRUE
Dog Man: Lord of the Fleas: From the Creator of Captain Underpants (Dog Man #5),Dav Pilkey,4.9,12114,1.26,2018,TRUE
Dover Creative Haven Art Nouveau Animal Designs Coloring Book (Creative Haven Coloring Books),Marty Noble,4.6,2461,1.24,2015,FALSE
"Eat to Live: The Amazing Nutrient-Rich Program for Fast and Sustained Weight Loss, Revised Edition",Joel Fuhrman MD,4.5,8629,15.22,2012,FALSE
"Eat to Live: The Amazing Nutrient-Rich Program for Fast and Sustained Weight Loss, Revised Edition",Joel Fuhrman MD,4.5,8629,15.22,2011,FALSE
Educated: A Memoir,Tara Westover,4.6,1697195,19.6,2019,FALSE
Educated: A Memoir,Tara Westover,4.6,1697195,19.6,2018,FALSE
Educated: A Memoir,Tara Westover,4.6,1697195,19.6,2020,FALSE
"Enchanted Forest: An Inky Quest and Coloring book (Activity Books, Mindfulness and Meditation, Illustrated Floral Prints・ｦ",Johanna Basford,4.7,7286,2.06,2015,FALSE
Fahrenheit 451,Ray Bradbury,4.6,22010,2.43,2018,TRUE
Fantastic Beasts and Where to Find Them: The Original Screenplay (Harry Potter),J.K. Rowling,4.7,7043,1.54,2016,TRUE
Fear: Trump in the White House,Bob Woodward,4.5,9289,0.59,2018,FALSE
Fifty Shades Darker,E L James,4.5,29660,7.49,2012,TRUE
Fifty Shades Freed: Book Three of the Fifty Shades Trilogy (Fifty Shades of Grey Series) (English Edition) (Fifty Shades・ｦ,E L James,4.5,29330,10.92,2012,TRUE
"Fifty Shades Of Grey: Book One of the Fifty Shades Trilogy (Fifty Shades Of Grey Series, 1)",E L James,3.9,55665,8.99,2013,TRUE
"Fifty Shades Of Grey: Book One of the Fifty Shades Trilogy (Fifty Shades Of Grey Series, 1)",E L James,3.9,55665,8.99,2012,TRUE
Fifty Shades Trilogy (Fifty Shades of Grey / Fifty Shades Darker / Fifty Shades Freed),E L James,4.6,33080,21.84,2012,TRUE
Fire and Fury: Inside the Trump White House,Michael Wolff,4.2,15798,10.95,2018,FALSE
First 100 Words: A Padded Board Book,Roger Priddy,4.7,29569,4.78,2016,FALSE
First 100 Words: A Padded Board Book,Roger Priddy,4.7,29569,4.78,2014,FALSE
First 100 Words: A Padded Board Book,Roger Priddy,4.7,29569,4.78,2017,FALSE
First 100 Words: A Padded Board Book,Roger Priddy,4.7,29569,4.78,2015,FALSE
First 100 Words: A Padded Board Book,Roger Priddy,4.7,29569,4.78,2018,FALSE
Food Rules: An Eater's Manual,Michael Pollan,4.5,2055,0.99,2010,FALSE
Frozen (Little Golden Book),RH Disney,4.8,5414,11.99,2014,FALSE
"Game Change: Obama and the Clintons, McCain and Palin, and the Race of a Lifetime",John Heilemann,4.4,1335,12.99,2010,FALSE
Game of Thrones Boxed Set: A Game of Thrones/A Clash of Kings/A Storm of Swords/A Feast for Crows,George R.R. Martin,4.6,6096,51.51,2012,TRUE
Game of Thrones Boxed Set: A Game of Thrones/A Clash of Kings/A Storm of Swords/A Feast for Crows,George R.R. Martin,4.6,6096,51.51,2011,TRUE
Game of Thrones Boxed Set: A Game of Thrones/A Clash of Kings/A Storm of Swords/A Feast for Crows,George R.R. Martin,4.6,6096,51.51,2013,TRUE
George Washington's Sacred Fire,Peter A. Lillback,4.6,521,37.03,2010,FALSE
George Washington's Secret Six: The Spy Ring That Saved the American Revolution,Brian Kilmeade,4.6,5793,31,2013,FALSE
Get Out of Your Head: Stopping the Spiral of Toxic Thoughts,Jennie Allen,4.7,15856,11.34,2020,FALSE
Giraffes Can't Dance,Giles Andreae,4.8,25794,0.94,2016,TRUE
Giraffes Can't Dance,Giles Andreae,4.8,25794,0.94,2019,TRUE
Giraffes Can't Dance,Giles Andreae,4.8,25794,0.94,2015,TRUE
Giraffes Can't Dance,Giles Andreae,4.8,25794,0.94,2017,TRUE
Giraffes Can't Dance,Giles Andreae,4.8,25794,0.94,2020,TRUE
Giraffes Can't Dance,Giles Andreae,4.8,25794,0.94,2018,TRUE
"Girl, Stop Apologizing: A Shame-Free Plan for Embracing and Achieving Your Goals",Rachel Hollis,4.6,12894,8.48,2019,FALSE
"Girl, Wash Your Face: Stop Believing the Lies About Who You Are So You Can Become Who You Were Meant to Be",Rachel Hollis,4.6,25918,0.35,2018,TRUE
"Girl, Wash Your Face: Stop Believing the Lies About Who You Are So You Can Become Who You Were Meant to Be",Rachel Hollis,4.6,25918,0.35,2019,TRUE
Go Set a Watchman: A Novel,Harper Lee,3.9,8186,13.69,2015,TRUE
Go the F**k to Sleep,Adam Mansbach,4.8,16188,12.19,2011,TRUE
Gone Girl,Gillian Flynn,4,62589,14.23,2012,TRUE
Gone Girl,Gillian Flynn,4,62589,14.23,2013,TRUE
Gone Girl,Gillian Flynn,4,62589,1.03,2014,TRUE
Good Days Start With Gratitude: A 52 Week Guide To Cultivate An Attitude Of Gratitude: Gratitude Journal,Pretty Simple Press,4.6,23527,0.57,2019,FALSE
Good to Great: Why Some Companies Make the Leap and Others Don't,Jim Collins,4.5,4655,14.06,2012,FALSE
Good to Great: Why Some Companies Make the Leap and Others Don't,Jim Collins,4.5,4655,14.06,2011,FALSE
Good to Great: Why Some Companies Make the Leap and Others Don't,Jim Collins,4.5,4655,14.06,2010,FALSE
Goodnight Moon,Margaret Wise Brown,4.9,18064,0.35,2018,TRUE
Goodnight Moon,Margaret Wise Brown,4.9,18064,0.35,2017,TRUE
Goodnight Moon,Margaret Wise Brown,4.9,18064,0.35,2019,TRUE
"Goodnight, Goodnight Construction Site (Hardcover Books for Toddlers, Preschool Books for Kids)",Sherri Duskey Rinker,4.9,14251,0.94,2013,TRUE
"Goodnight, Goodnight Construction Site (Hardcover Books for Toddlers, Preschool Books for Kids)",Sherri Duskey Rinker,4.9,14251,0.94,2012,TRUE
"Grain Brain: The Surprising Truth about Wheat, Carbs, and Sugar--Your Brain's Silent Killers",David Perlmutter MD,4.6,6998,13.69,2014,FALSE
Greenlights,Matthew McConaughey,4.7,41191,16.95,2020,FALSE
"Grey: Fifty Shades of Grey as Told by Christian (Fifty Shades Of Grey Series, 4)",E L James,4.5,32763,11.14,2015,TRUE
Guts,Raina Telgemeier,4.8,10675,5.89,2019,TRUE
Hamilton: The Revolution,Lin-Manuel Miranda,4.9,11226,46.97,2016,FALSE
"Happy, Happy, Happy: My Life and Legacy as the Duck Commander",Phil Robertson,4.8,4535,13.99,2013,FALSE
Harry Potter Coloring Book,Scholastic,4.8,7657,1.19,2015,FALSE
Harry Potter Paperback Box Set (Books 1-7),J. K. Rowling,4.9,47416,32,2016,TRUE
Harry Potter and the Chamber of Secrets: The Illustrated Edition (Illustrated) (2),J. K. Rowling,4.9,6113,11.6,2016,TRUE
"Harry Potter and the Cursed Child, Parts 1 & 2, Special Rehearsal Edition Script",J.K. Rowling,4.2,34334,12.28,2016,TRUE
"Harry Potter and the Goblet of Fire: The Illustrated Edition (Harry Potter, Book 4) (Illustrated edition) (4)",J. K. Rowling,4.9,16221,30.4,2019,TRUE
Harry Potter and the Prisoner of Azkaban: The Illustrated Edition (3),Jim Kay,4.9,6683,9.5,2017,FALSE
"Harry Potter and the Sorcerer's Stone: The Illustrated Edition (Harry Potter, Book 1)",J.K. Rowling,4.9,18180,9.99,2016,TRUE
Heaven is for Real: A Little Boy's Astounding Story of His Trip to Heaven and Back,Todd Burpo,4.7,16658,9.5,2012,FALSE
Heaven is for Real: A Little Boy's Astounding Story of His Trip to Heaven and Back,Todd Burpo,4.7,16658,9.5,2011,FALSE
Hillbilly Elegy: A Memoir of a Family and Culture in Crisis,J. D. Vance,4.5,25275,0.94,2017,FALSE
Hillbilly Elegy: A Memoir of a Family and Culture in Crisis,J. D. Vance,4.5,25275,0.94,2016,FALSE
Homebody: A Guide to Creating Spaces You Never Want to Leave,Joanna Gaines,4.8,8710,15.8,2018,FALSE
How to Be an Antiracist,Ibram X. Kendi,4.7,22344,13.5,2020,TRUE
How to Catch a Mermaid,Adam Wallace,4.8,20887,1.55,2020,TRUE
How to Catch a Unicorn,Adam Wallace,4.8,24233,1.36,2020,TRUE
How to Win Friends & Influence People,Dale Carnegie,4.7,52852,1.91,2014,FALSE
How to Win Friends & Influence People,Dale Carnegie,4.7,52852,1.91,2016,FALSE
How to Win Friends & Influence People,Dale Carnegie,4.7,52852,1.91,2015,FALSE
How to Win Friends & Influence People,Dale Carnegie,4.7,52852,1.91,2017,FALSE
How to Win Friends & Influence People,Dale Carnegie,4.7,52852,1.91,2018,FALSE
Howard Stern Comes Again,Howard Stern,4.4,7417,24.48,2019,FALSE
Human Body Activity Book for Kids: Hands-On Fun for Grades K-3,Ph.D.,4.7,16477,5.39,2020,FALSE
Humans of New York (ST MARTIN'S PRE),Brandon Stanton,4.8,4889,15.51,2014,FALSE
Humans of New York (ST MARTIN'S PRE),Brandon Stanton,4.8,4889,15.51,2013,FALSE
Humans of New York : Stories,Brandon Stanton,4.9,4482,2.01,2015,FALSE
"Hyperbole and a Half: Unfortunate Situations, Flawed Coping Mechanisms, Mayhem, and Other Things That Happened",Allie Brosh,4.7,7017,1.67,2013,FALSE
"I Am Confident, Brave & Beautiful: A Coloring Book for Girls",Hopscotch Girls,4.8,24088,2,2019,FALSE
"I Am Confident, Brave & Beautiful: A Coloring Book for Girls",Hopscotch Girls,4.8,24088,2,2020,FALSE
I Love You to the Moon and Back,Amelia Hepworth,4.9,36867,1.36,2020,TRUE
If Animals Kissed Good Night,Ann Whitford Paul,4.8,50419,1.25,2019,TRUE
If Animals Kissed Good Night,Ann Whitford Paul,4.8,50419,1.25,2020,TRUE
If Animals Kissed Good Night,Ann Whitford Paul,4.8,50419,1.25,2017,TRUE
If I Stay,Gayle Forman,4.4,9222,0.25,2014,TRUE
"In the Garden of Beasts: Love, Terror, and an American Family in Hitler's Berlin",Eric Larson,4.5,6069,1.8,2011,FALSE
Inferno,Dan Brown,4.1,32736,12.51,2013,TRUE
Inheritance: Book IV (Inheritance Cycle),Christopher Paolini,4.7,7291,2.1,2011,TRUE
Instant Pot Pressure Cooker Cookbook: 500 Everyday Recipes for Beginners and Advanced Users. Try Easy and Healthy・ｦ,Jennifer Smith,4.4,12097,1.5,2018,FALSE
Instant Pot Pressure Cooker Cookbook: 500 Everyday Recipes for Beginners and Advanced Users. Try Easy and Healthy・ｦ,Jennifer Smith,4.4,12097,1.5,2019,FALSE
It's Not Supposed to Be This Way: Finding Unexpected Strength When Disappointments Leave You Shattered,Lysa TerKeurst,4.8,14357,15.1,2019,FALSE
JOURNEY TO THE ICE P,RH Disney,4.6,1059,2.12,2014,FALSE
Jesus Calling: Enjoying Peace in His Presence (with Scripture References),Sarah Young,4.9,28161,0.35,2016,FALSE
Jesus Calling: Enjoying Peace in His Presence (with Scripture References),Sarah Young,4.9,28161,0.35,2013,FALSE
Jesus Calling: Enjoying Peace in His Presence (with Scripture References),Sarah Young,4.9,28161,0.35,2011,FALSE
Jesus Calling: Enjoying Peace in His Presence (with Scripture References),Sarah Young,4.9,28161,0.35,2015,FALSE
Jesus Calling: Enjoying Peace in His Presence (with Scripture References),Sarah Young,4.9,28161,0.35,2012,FALSE
Jesus Calling: Enjoying Peace in His Presence (with Scripture References),Sarah Young,4.9,28161,0.35,2014,FALSE
Joyland (Hard Case Crime),Stephen King,4.6,7668,11.17,2013,TRUE
Killers of the Flower Moon: The Osage Murders and the Birth of the FBI,David Grann,4.6,14580,21.99,2017,FALSE
Killing Jesus (Bill O'Reilly's Killing Series),Bill O'Reilly,4.5,12430,21.91,2013,FALSE
Killing Kennedy: The End of Camelot,Bill O'Reilly,4.6,9400,24.93,2012,FALSE
Killing Lincoln: The Shocking Assassination that Changed America Forever (Bill O'Reilly's Killing Series),Bill O'Reilly,4.7,10165,15.95,2012,FALSE
Killing Lincoln: The Shocking Assassination that Changed America Forever (Bill O'Reilly's Killing Series),Bill O'Reilly,4.7,10165,15.95,2011,FALSE
Killing Reagan: The Violent Assault That Changed a Presidency (Bill O'Reilly's Killing Series),Bill O'Reilly,4.6,6019,1.17,2015,FALSE
Killing the Rising Sun: How America Vanquished World War II Japan (Bill O'Reilly's Killing Series),Bill O'Reilly,4.8,9856,0.35,2016,FALSE
Kitchen Confidential Updated Edition: Adventures in the Culinary Underbelly (P.S.),Anthony Bourdain,4.8,4734,1.98,2018,TRUE
Knock-Knock Jokes for Kids,Rob Elliott,4.5,5155,2.86,2015,FALSE
Knock-Knock Jokes for Kids,Rob Elliott,4.5,5155,2.86,2013,FALSE
Knock-Knock Jokes for Kids,Rob Elliott,4.5,5155,2.86,2014,FALSE
"Last Week Tonight with John Oliver Presents A Day in the Life of Marlon Bundo (Better Bundo Book, LGBT Children・・s Book)",Jill Twiss,4.9,14314,0.94,2018,TRUE
Laugh-Out-Loud Jokes for Kids,Rob Elliott,4.6,9469,4.24,2014,FALSE
Laugh-Out-Loud Jokes for Kids,Rob Elliott,4.6,9469,4.24,2015,FALSE
Laugh-Out-Loud Jokes for Kids,Rob Elliott,4.6,9469,4.24,2016,FALSE
Laugh-Out-Loud Jokes for Kids,Rob Elliott,4.6,9469,4.24,2017,FALSE
Laugh-Out-Loud Jokes for Kids,Rob Elliott,4.6,9469,4.24,2013,FALSE
"Lean In: Women, Work, and the Will to Lead",Sheryl Sandberg,4.5,7314,10.83,2013,FALSE
Leonardo da Vinci,Walter Isaacson,4.5,4819,3.48,2017,FALSE
Lettering and Modern Calligraphy: A Beginner's Guide: Learn Hand Lettering and Brush Lettering,Paper Peony Press,4.5,16571,6.99,2018,FALSE
Life,Keith Richards,4.6,3752,12.86,2010,FALSE
Little Bee,Chris Cleave,4.2,1679,0.25,2010,TRUE
Little Blue Truck,Alice Schertle,4.9,1935,0.35,2014,TRUE
Little Fires Everywhere,Celeste Ng,4.5,49229,1.55,2018,TRUE
Little Fires Everywhere: A Novel,Celeste Ng,4.5,49229,10.2,2020,TRUE
Live Free Or Die: America (and the World) on the Brink,Sean Hannity,4.8,22276,14.7,2020,FALSE
Looking for Alaska,John Green,4.6,1697194,0.35,2014,TRUE
"Love Wins: A Book About Heaven, Hell, and the Fate of Every Person Who Ever Lived",Rob Bell,4.3,1982,14.97,2011,FALSE
Love You Forever,Robert Munsch,4.9,38081,0.25,2015,FALSE
Love You Forever,Robert Munsch,4.9,38081,0.25,2014,FALSE
Magnolia Table,Joanna Gaines,4.8,24969,6.14,2018,FALSE
"Magnolia Table, Volume 2: A Collection of Recipes for Gathering",Joanna Gaines,4.9,20632,16.5,2020,FALSE
Make It Ahead: A Barefoot Contessa Cookbook,Ina Garten,4.6,1873,16.42,2014,FALSE
Make Your Bed: Little Things That Can Change Your Life...And Maybe the World,Admiral William H. McRaven,4.7,20748,3.05,2017,FALSE
Midnight Sun,Stephenie Meyer,4.8,73269,13.31,2020,TRUE
Milk and Honey,Rupi Kaur,4.7,34561,7.38,2018,FALSE
Milk and Honey,Rupi Kaur,4.7,34561,7.38,2017,FALSE
Milk and Honey,Rupi Kaur,4.7,34561,7.38,2016,FALSE
Milk and Vine: Inspirational Quotes From Classic Vines,Adam Gasiewski,4.5,5587,0.35,2017,FALSE
Mindset: The New Psychology of Success,Carol S. Dweck,4.6,10187,1.98,2014,FALSE
Mindset: The New Psychology of Success,Carol S. Dweck,4.6,10187,1.98,2015,FALSE
Mindset: The New Psychology of Success,Carol S. Dweck,4.6,10187,1.98,2016,FALSE
Mockingjay (The Hunger Games),Suzanne Collins,4.6,31945,0.36,2012,TRUE
Mockingjay (The Hunger Games),Suzanne Collins,4.6,31945,0.36,2010,TRUE
Mockingjay (The Hunger Games),Suzanne Collins,4.6,31945,0.36,2011,TRUE
Modern Comfort Food: A Barefoot Contessa Cookbook,Ina Garten,4.8,14319,6.83,2020,FALSE
"My First Learn to Write Workbook: Practice for Kids with Pen Control, Line Tracing, Letters, and More!",Crystal Radke,4.8,55451,5.51,2020,FALSE
"National Geographic Kids Why?: Over 1,111 Answers to Everything",Crispin Boyer,4.8,10561,2.54,2019,FALSE
National Geographic Little Kids First Big Book of Why,Amy Shields,4.8,14335,1.93,2019,FALSE
Night (Night),Elie Wiesel,4.7,3258,7.46,2016,TRUE
No Easy Day: The Autobiography of a Navy Seal: The Firsthand Account of the Mission That Killed Osama Bin Laden,Mark Owen,4.6,8992,16.2,2012,FALSE
Obama: An Intimate Portrait,Pete Souza,4.9,8907,33.71,2017,FALSE
"Oh, the Places You'll Go!",Dr. Seuss,4.9,28241,7.48,2014,TRUE
"Oh, the Places You'll Go!",Dr. Seuss,4.9,28241,7.48,2017,TRUE
"Oh, the Places You'll Go!",Dr. Seuss,4.9,28241,7.48,2019,TRUE
"Oh, the Places You'll Go!",Dr. Seuss,4.9,28241,7.48,2015,TRUE
"Oh, the Places You'll Go!",Dr. Seuss,4.9,28241,7.48,2013,TRUE
"Oh, the Places You'll Go!",Dr. Seuss,4.9,28241,7.48,2012,TRUE
"Oh, the Places You'll Go!",Dr. Seuss,4.9,28241,7.48,2016,TRUE
"Oh, the Places You'll Go!",Dr. Seuss,4.9,28241,7.48,2018,TRUE
One Thousand Gifts: A Dare to Live Fully Right Where You Are,Ann Voskamp,4.6,4141,12.99,2012,FALSE
One Thousand Gifts: A Dare to Live Fully Right Where You Are,Ann Voskamp,4.6,4141,12.99,2011,FALSE
"Option B: Facing Adversity, Building Resilience, and Finding Joy",Sheryl Sandberg,4.5,2658,1.26,2017,FALSE
Origin: A Novel (Robert Langdon),Dan Brown,4.3,27938,15.4,2017,TRUE
Orphan Train,Christina Baker Kline,4.6,23358,9.45,2014,TRUE
Outliers: The Story of Success,Malcolm Gladwell,4.7,17330,14.79,2010,FALSE
P is for Potty! (Sesame Street) (Lift-the-Flap),Naomi Kleinberg,4.7,22459,5.68,2018,TRUE
P is for Potty! (Sesame Street) (Lift-the-Flap),Naomi Kleinberg,4.7,22459,5.68,2019,TRUE
Paint by Sticker Kids: Unicorns & Magic: Create 10 Pictures One Sticker at a Time! Includes Glitter Stickers,Workman Publishing,4.8,14667,6.73,2020,FALSE
Paint by Sticker Kids: Zoo Animals: Create 10 Pictures One Sticker at a Time!,Workman Publishing,4.8,15682,1.25,2020,FALSE
Percy Jackson and the Olympians Paperback Boxed Set (Books 1-3),Rick Riordan,4.8,883,32.71,2010,TRUE
Player's Handbook (Dungeons & Dragons),Wizards RPG Team,4.9,34204,24,2018,FALSE
Player's Handbook (Dungeons & Dragons),Wizards RPG Team,4.9,34204,24,2019,FALSE
Player's Handbook (Dungeons & Dragons),Wizards RPG Team,4.9,34204,24,2017,FALSE
Pokﾃｩmon Deluxe Essential Handbook: The Need-to-Know Stats and Facts on Over 700 Pokﾃｩmon,Scholastic,4.7,4720,1.24,2016,FALSE
"Prayer Journal for Women: 52 Week Scripture, Devotional & Guided Prayer Journal",Shannon Roberts,4.8,33160,6.75,2020,FALSE
Proof of Heaven: A Neurosurgeon's Journey into the Afterlife,Eben Alexander,4.4,15402,10.49,2012,FALSE
Proof of Heaven: A Neurosurgeon's Journey into the Afterlife,Eben Alexander,4.4,15402,10.49,2013,FALSE
"Publication Manual of the American Psychological Association, 6th Edition",American Psychological Association,4.5,11339,25,2013,FALSE
"Publication Manual of the American Psychological Association, 6th Edition",American Psychological Association,4.5,11339,25,2012,FALSE
"Publication Manual of the American Psychological Association, 6th Edition",American Psychological Association,4.5,11339,25,2014,FALSE
"Publication Manual of the American Psychological Association, 6th Edition",American Psychological Association,4.5,11339,25,2011,FALSE
"Publication Manual of the American Psychological Association, 6th Edition",American Psychological Association,4.5,11339,25,2010,FALSE
"Publication Manual of the American Psychological Association, 6th Edition",American Psychological Association,4.5,11339,25,2017,FALSE
"Publication Manual of the American Psychological Association, 6th Edition",American Psychological Association,4.5,11339,25,2015,FALSE
"Publication Manual of the American Psychological Association, 6th Edition",American Psychological Association,4.5,11339,25,2016,FALSE
"Publication Manual of the American Psychological Association, 6th Edition",American Psychological Association,4.5,11339,25,2018,FALSE
Puppy Birthday to You! (Paw Patrol) (Little Golden Book),Golden Books,4.8,9838,0.25,2017,TRUE
Quiet: The Power of Introverts in a World That Can't Stop Talking,Susan Cain,4.6,15055,2,2012,FALSE
Quiet: The Power of Introverts in a World That Can't Stop Talking,Susan Cain,4.6,15055,0.94,2013,FALSE
Radical: Taking Back Your Faith from the American Dream,David Platt,4.7,2543,9.21,2011,FALSE
Radical: Taking Back Your Faith from the American Dream,David Platt,4.7,2543,9.21,2010,FALSE
Rage,Bob Woodward,4.7,31130,13.98,2020,FALSE
Ready Player One: A Novel,Ernest Cline,4.7,38656,9.95,2017,TRUE
Ready Player One: A Novel,Ernest Cline,4.7,38656,9.95,2018,TRUE
Rush Revere and the Brave Pilgrims: Time-Travel Adventures with Exceptional Americans (1),Rush Limbaugh,4.9,8765,9.64,2013,TRUE
Rush Revere and the First Patriots: Time-Travel Adventures With Exceptional Americans (2),Rush Limbaugh,4.9,4599,13.09,2014,TRUE
"Salt, Fat, Acid, Heat: Mastering the Elements of Good Cooking",Samin Nosrat,4.8,16039,12.87,2018,FALSE
"Salt, Fat, Acid, Heat: Mastering the Elements of Good Cooking",Samin Nosrat,4.8,16039,12.87,2019,FALSE
Sarah's Key,Tatiana de Rosnay,4.6,4275,0.35,2010,TRUE
"School Zone - Big Preschool Workbook - Ages 3 to 5, Colors, Shapes, Numbers 1-10, Early Math, Alphabet, Pre-Writing・ｦ",School Zone,4.8,52342,2.01,2020,FALSE
"School Zone - Big Preschool Workbook - Ages 3 to 5, Colors, Shapes, Numbers 1-10, Early Math, Alphabet, Pre-Writing・ｦ",School Zone,4.8,52342,2.01,2018,FALSE
"School Zone - Big Preschool Workbook - Ages 3 to 5, Colors, Shapes, Numbers 1-10, Early Math, Alphabet, Pre-Writing・ｦ",School Zone,4.8,52342,2.01,2019,FALSE
"Secret Garden: An Inky Treasure Hunt and Coloring Book (For Adults, mindfulness coloring)",Johanna Basford,4.7,13438,9.99,2015,FALSE
Sh*t My Dad Says,Justin Halpern,4.7,1562,10.77,2010,TRUE
Ship of Fools: How a Selfish Ruling Class Is Bringing America to the Brink of Revolution,Tucker Carlson,4.8,5926,0.94,2018,FALSE
Shred: The Revolutionary Diet: 6 Weeks 4 Inches 2 Sizes,Ian K. Smith,4.1,2829,19.99,2013,FALSE
"Soul Healing Miracles: Ancient and New Sacred Wisdom, Knowledge, and Practical Techniques for Healing the Spiritual・ｦ",Zhi Gang Sha,4.6,251,13.95,2013,FALSE
Steve Jobs: The Exclusive Biography,Walter Isaacson,4.6,10100,16.7,2011,FALSE
Steve Jobs: The Exclusive Biography,Walter Isaacson,4.6,10100,16.7,2012,FALSE
Strange Planet (Strange Planet Series),Nathan W. Pyle,4.9,14932,1.36,2019,TRUE
StrengthsFinder 2.0,Tom Rath,4,6159,25,2011,FALSE
StrengthsFinder 2.0,Tom Rath,4,6159,25,2010,FALSE
StrengthsFinder 2.0,Tom Rath,4,6159,25,2015,FALSE
StrengthsFinder 2.0,Tom Rath,4,6159,25,2012,FALSE
StrengthsFinder 2.0,Tom Rath,4,6159,25,2016,FALSE
StrengthsFinder 2.0,Tom Rath,4,6159,25,2017,FALSE
StrengthsFinder 2.0,Tom Rath,4,6159,25,2013,FALSE
StrengthsFinder 2.0,Tom Rath,4,6159,25,2014,FALSE
Switch: How to Change Things When Change Is Hard,Chip Heath,4.6,3042,1.55,2010,FALSE
Sycamore Row (Jake Brigance),John Grisham,4.5,29469,16.08,2013,TRUE
Teach Like a Champion: 49 Techniques that Put Students on the Path to College,Doug Lemov,4.5,776,19.95,2011,FALSE
Teach Like a Champion: 49 Techniques that Put Students on the Path to College,Doug Lemov,4.5,776,19.95,2010,FALSE
The 17 Day Diet: A Doctor's Plan Designed for Rapid Results,Mike Moreno,4.3,2771,24.76,2011,FALSE
"The 4 Hour Body: An Uncommon Guide to Rapid Fat Loss, Incredible Sex and Becoming Superhuman",Timothy Ferriss,4.4,5919,3.21,2011,FALSE
The 5 Love Languages: The Secret to Love That Lasts,Gary Chapman,4.7,6147,19.44,2014,FALSE
The 5 Love Languages: The Secret to Love That Lasts,Gary Chapman,4.7,6147,19.44,2011,FALSE
The 5 Love Languages: The Secret to Love That Lasts,Gary Chapman,4.7,6147,19.44,2013,FALSE
The 5 Love Languages: The Secret to Love That Lasts,Gary Chapman,4.7,6147,19.44,2012,FALSE
The 5 Love Languages: The Secret to Love That Lasts,Gary Chapman,4.7,6147,19.44,2010,FALSE
The 5 Love Languages: The Secret to Love that Lasts,Gary Chapman,4.8,52457,1.7,2020,FALSE
The 5 Love Languages: The Secret to Love that Lasts,Gary Chapman,4.8,52457,1.7,2018,FALSE
The 5 Love Languages: The Secret to Love that Lasts,Gary Chapman,4.8,52457,1.7,2017,FALSE
The 5 Love Languages: The Secret to Love that Lasts,Gary Chapman,4.8,52457,1.7,2019,FALSE
The 5 Love Languages: The Secret to Love that Lasts,Gary Chapman,4.8,52457,1.7,2015,FALSE
The 5 Love Languages: The Secret to Love that Lasts,Gary Chapman,4.8,52457,1.7,2016,FALSE
The 7 Habits of Highly Effective People: Powerful Lessons in Personal Change,Stephen R. Covey,4.6,1447,16.96,2011,FALSE
The 7 Habits of Highly Effective People: Powerful Lessons in Personal Change,Stephen R. Covey,4.6,1447,16.96,2013,FALSE
The 7 Habits of Highly Effective People: Powerful Lessons in Personal Change,Stephen R. Covey,4.7,8000,17.76,2016,FALSE
The 7 Habits of Highly Effective People: Powerful Lessons in Personal Change,Stephen R. Covey,4.7,8000,17.76,2017,FALSE
The 7 Habits of Highly Effective People: Powerful Lessons in Personal Change,Stephen R. Covey,4.7,8000,17.76,2015,FALSE
The 7 Habits of Highly Effective People: Powerful Lessons in Personal Change,Stephen R. Covey,4.6,1447,16.96,2012,FALSE
The Alchemist,Paulo Coelho,4.6,7892,24.2,2014,TRUE
The Amateur,Edward Klein,4.5,2663,8.5,2012,FALSE
The Art of Racing in the Rain: A Novel,Garth Stein,4.6,1697194,0.25,2010,TRUE
The Art of Racing in the Rain: A Novel,Garth Stein,4.6,1697194,0.25,2011,TRUE
The Ballad of Songbirds and Snakes (A Hunger Games Novel),Suzanne Collins,4.6,1697194,3.76,2020,TRUE
The Big Book of Silly Jokes for Kids (Big Book of Silly Jokes for Kids Series),Carole P. Roman,4.7,13990,8.99,2020,FALSE
The Big Short: Inside the Doomsday Machine,Michael Lewis,4.7,4719,1.27,2010,FALSE
"The Blood Sugar Solution: The UltraHealthy Program for Losing Weight, Preventing Disease, and Feeling Great Now!",Mark Hyman M.D.,4.3,2209,19.48,2012,FALSE
"The Blood of Olympus (The Heroes of Olympus, 5)",Rick Riordan,4.8,11028,1.54,2014,TRUE
"The Body Keeps the Score: Brain, Mind, and Body in the Healing of Trauma",Bessel van der Kolk M.D.,4.8,32018,9.4,2020,FALSE
"The Body Keeps the Score: Brain, Mind, and Body in the Healing of Trauma",Bessel van der Kolk M.D.,4.8,32018,9.4,2019,FALSE
The Book Thief,Markus Zusak,4.6,1697194,0.35,2014,TRUE
The Book Thief,Markus Zusak,4.6,1697194,0.35,2013,TRUE
The Book with No Pictures,B. J. Novak,4.8,13321,1.57,2015,TRUE
The Book with No Pictures,B. J. Novak,4.8,13321,1.57,2014,TRUE
"The Boy, the Mole, the Fox and the Horse",Charlie Mackesy,4.9,79923,13.8,2020,FALSE
The Boys in the Boat: Nine Americans and Their Epic Quest for Gold at the 1936 Berlin Olympics,Daniel James Brown,4.8,27112,1.13,2014,FALSE
The Boys in the Boat: Nine Americans and Their Epic Quest for Gold at the 1936 Berlin Olympics,Daniel James Brown,4.8,27112,1.13,2015,FALSE
The Casual Vacancy,J.K. Rowling,3.3,10197,13.79,2012,TRUE
The China Study: The Most Comprehensive Study of Nutrition Ever Conducted And the Startling Implications for Diet・ｦ,Thomas Campbell,4.7,5128,24.99,2011,FALSE
The Complete Ketogenic Diet for Beginners: Your Essential Guide to Living the Keto Lifestyle,Amy Ramos,4.3,23500,0.94,2018,FALSE
The Complete Ketogenic Diet for Beginners: Your Essential Guide to Living the Keto Lifestyle,Amy Ramos,4.3,23500,0.94,2019,FALSE
The Confession: A Novel,John Grisham,4.4,4649,15.37,2010,TRUE
The Constitution of the United States,Delegates of the Constitutional・ｦ,4.9,4719,0.99,2016,FALSE
The Daily Show with Jon Stewart Presents Earth (The Book): A Visitor's Guide to the Human Race,Jon Stewart,4.5,525,15,2010,FALSE
The Day the Crayons Quit,Drew Daywalt,4.8,15374,1.49,2014,TRUE
The Day the Crayons Quit,Drew Daywalt,4.8,15374,1.49,2013,TRUE
The Day the Crayons Quit,Drew Daywalt,4.8,15374,1.49,2015,TRUE
The Deep End (Diary of a Wimpy Kid Book 15),Jeff Kinney,4.9,34340,2,2020,TRUE
The Fault in Our Stars,John Green,4.7,56924,10.07,2013,TRUE
The Fault in Our Stars,John Green,4.7,56924,10.07,2012,TRUE
The Fault in Our Stars,John Green,4.7,56924,10.07,2014,TRUE
The Fault in Our Stars,John Green,4.7,56924,0.35,2014,TRUE
The Five Dysfunctions of a Team: A Leadership Fable,Patrick Lencioni,4.6,4733,18.2,2013,FALSE
The Five Dysfunctions of a Team: A Leadership Fable,Patrick Lencioni,4.6,4733,18.2,2010,FALSE
The Five Dysfunctions of a Team: A Leadership Fable,Patrick Lencioni,4.6,4733,18.2,2012,FALSE
The Five Dysfunctions of a Team: A Leadership Fable,Patrick Lencioni,4.6,4733,18.2,2011,FALSE
The Four Agreements: A Practical Guide to Personal Freedom (A Toltec Wisdom Book),Don Miguel Ruiz,4.7,59704,1.23,2015,FALSE
The Four Agreements: A Practical Guide to Personal Freedom (A Toltec Wisdom Book),Don Miguel Ruiz,4.7,59704,1.23,2017,FALSE
The Four Agreements: A Practical Guide to Personal Freedom (A Toltec Wisdom Book),Don Miguel Ruiz,4.7,59704,1.23,2013,FALSE
The Four Agreements: A Practical Guide to Personal Freedom (A Toltec Wisdom Book),Don Miguel Ruiz,4.7,59704,1.23,2020,FALSE
The Four Agreements: A Practical Guide to Personal Freedom (A Toltec Wisdom Book),Don Miguel Ruiz,4.7,59704,1.23,2018,FALSE
The Four Agreements: A Practical Guide to Personal Freedom (A Toltec Wisdom Book),Don Miguel Ruiz,4.7,59704,1.23,2019,FALSE
The Four Agreements: A Practical Guide to Personal Freedom (A Toltec Wisdom Book),Don Miguel Ruiz,4.7,59704,1.23,2016,FALSE
The Getaway,Jeff Kinney,4.8,12378,11.82,2017,TRUE
The Girl Who Kicked the Hornet's Nest (Millennium Trilogy),Stieg Larsson,4.7,9466,13.29,2011,TRUE
The Girl Who Kicked the Hornet's Nest (Millennium Trilogy),Stieg Larsson,4.7,9466,13.29,2010,TRUE
The Girl Who Played with Fire (Millennium Series),Stieg Larsson,4.6,1697194,0.02,2010,TRUE
The Girl on the Train,Paula Hawkins,4.1,86655,12.09,2015,TRUE
The Girl on the Train,Paula Hawkins,4.1,86655,0.25,2016,TRUE
The Girl with the Dragon Tattoo (Millennium Series),Stieg Larsson,4.6,1697194,7.99,2010,TRUE
The Going-To-Bed Book,Sandra Boynton,4.8,10589,0.25,2016,TRUE
The Going-To-Bed Book,Sandra Boynton,4.8,10589,0.25,2017,TRUE
The Goldfinch: A Novel (Pulitzer Prize for Fiction),Donna Tartt,4,38738,2.07,2014,TRUE
The Goldfinch: A Novel (Pulitzer Prize for Fiction),Donna Tartt,4,38738,2.07,2013,TRUE
The Great Gatsby,F. Scott Fitzgerald,4.4,15579,13.6,2012,TRUE
The Great Gatsby,F. Scott Fitzgerald,4.4,15579,13.6,2013,TRUE
The Great Gatsby,F. Scott Fitzgerald,4.4,15579,13.6,2014,TRUE
The Guardians: A Novel,John Grisham,4.5,26680,21.91,2019,TRUE
The Handmaid's Tale,Margaret Atwood,4.6,1697194,0.95,2017,TRUE
The Harbinger: The Ancient Mystery that Holds the Secret of America's Future,Jonathan Cahn,4.7,16427,6,2012,TRUE
The Hate U Give,Angie Thomas,4.8,19837,12.34,2018,TRUE
The Help,Kathryn Stockett,4.8,16177,0.25,2011,TRUE
The Help,Kathryn Stockett,4.8,16177,9.94,2011,TRUE
The Help,Kathryn Stockett,4.6,1697194,0.59,2010,TRUE
"The House of Hades (Heroes of Olympus, Book 4)",Rick Riordan,4.8,11291,1.87,2013,TRUE
The Hunger Games,Suzanne Collins,4.7,37096,13.58,2010,TRUE
The Hunger Games (Book 1),Suzanne Collins,4.7,37096,11.99,2012,TRUE
The Hunger Games (Book 1),Suzanne Collins,4.7,37096,11.99,2011,TRUE
The Hunger Games Trilogy Boxed Set (1),Suzanne Collins,4.8,23345,65,2011,TRUE
The Hunger Games Trilogy Boxed Set (1),Suzanne Collins,4.8,23345,65,2012,TRUE
The Immortal Life of Henrietta Lacks,Rebecca Skloot,4.7,14109,0.94,2011,FALSE
The Immortal Life of Henrietta Lacks,Rebecca Skloot,4.7,14109,0.94,2012,FALSE
The Immortal Life of Henrietta Lacks,Rebecca Skloot,4.7,14109,1.59,2010,FALSE
The Instant Pot Electric Pressure Cooker Cookbook: Easy Recipes for Fast & Healthy Meals,Laurel Randolph,4.4,11192,1.34,2018,FALSE
The Instant Pot Electric Pressure Cooker Cookbook: Easy Recipes for Fast & Healthy Meals,Laurel Randolph,4.4,11192,1.34,2017,FALSE
"The Last Olympian (Percy Jackson and the Olympians, Book 5)",Rick Riordan,4.8,9408,0.59,2010,TRUE
The Legend of Zelda: Hyrule Historia,Patrick Thorpe,4.9,7764,11.18,2013,FALSE
The Lego Ideas Book: Unlock Your Imagination,Daniel Lipkowitz,4.5,7874,1.59,2011,FALSE
The Lego Ideas Book: Unlock Your Imagination,Daniel Lipkowitz,4.5,7874,1.59,2012,FALSE
The Life-Changing Magic of Tidying Up: The Japanese Art of Decluttering and Organizing,Marie Kondﾅ・,4.5,26301,0.35,2017,FALSE
The Life-Changing Magic of Tidying Up: The Japanese Art of Decluttering and Organizing,Marie Kondﾅ・,4.5,26301,0.35,2019,FALSE
The Life-Changing Magic of Tidying Up: The Japanese Art of Decluttering and Organizing,Marie Kondﾅ・,4.5,26301,0.35,2015,FALSE
The Life-Changing Magic of Tidying Up: The Japanese Art of Decluttering and Organizing,Marie Kondﾅ・,4.5,26301,0.35,2016,FALSE
The Litigators,John Grisham,4.5,8094,12.98,2011,TRUE
"The Lost Hero (Heroes of Olympus, Book 1)",Rick Riordan,4.8,7612,14.42,2010,TRUE
The Magnolia Story,Chip Gaines,4.8,9647,12.09,2016,FALSE
"The Mark of Athena (Heroes of Olympus, Book 3)",Rick Riordan,4.8,10247,0.59,2012,TRUE
The Martian,Andy Weir,4.7,44413,9.36,2015,TRUE
The Maze Runner (Book 1),James Dashner,4.5,12266,0.35,2014,TRUE
The Mueller Report,The Washington Post,4.6,3826,0.59,2019,FALSE
The Nightingale: A Novel,Kristin Hannah,4.8,71380,2.13,2015,TRUE
The Nightingale: A Novel,Kristin Hannah,4.8,71380,2.13,2016,TRUE
The Official SAT Study Guide,The College Board,4.4,1443,0.99,2012,FALSE
The Official SAT Study Guide,The College Board,4.4,1443,0.99,2011,FALSE
The Official SAT Study Guide,The College Board,4.4,1443,0.99,2013,FALSE
The Official SAT Study Guide,The College Board,4.4,1443,0.99,2010,FALSE
The Official SAT Study Guide,The College Board,4.4,1443,0.99,2014,FALSE
"The Official SAT Study Guide, 2016 Edition (Official Study Guide for the New Sat)",The College Board,4.3,1001,49,2016,FALSE
The Paris Wife: A Novel,Paula McLain,4.4,4537,19.45,2011,TRUE
"The Pioneer Woman Cooks: Dinnertime - Comfort Classics, Freezer Food, 16-minute Meals, and Other Delicious Ways to Solve・ｦ",Ree Drummond,4.8,6273,3.27,2015,FALSE
"The Pioneer Woman Cooks・・A Year of Holidays: 140 Step-by-Step Recipes for Simple, Scrumptious Celebrations",Ree Drummond,4.8,4018,14.65,2013,FALSE
The Pioneer Woman Cooks・・Food from My Frontier,Ree Drummond,4.8,4033,1.99,2012,FALSE
"The Plant Paradox Cookbook: 100 Delicious Recipes to Help You Lose Weight, Heal Your Gut, and Live Lectin-Free (The・ｦ",Dr. Steven R Gundry MD,4.4,6686,6.69,2018,FALSE
"The Plant Paradox: The Hidden Dangers in ""Healthy"" Foods That Cause Disease and Weight Gain (The Plant Paradox, 1)",Dr. Steven R Gundry MD,4.4,11515,13.99,2018,FALSE
The Pout-Pout Fish,Deborah Diesen,4.9,18607,0.96,2018,TRUE
The Pout-Pout Fish,Deborah Diesen,4.9,18607,0.96,2017,TRUE
The Power of Habit: Why We Do What We Do in Life and Business,Charles Duhigg,4.6,17113,2.53,2012,FALSE
The President Is Missing: A Novel,James Patterson,4.4,15070,15.58,2018,TRUE
The Racketeer,John Grisham,4.3,18279,15.99,2012,TRUE
"The Red Pyramid (The Kane Chronicles, Book 1)",Rick Riordan,4.7,3497,0.59,2010,TRUE
"The Road to Serfdom: Text and Documents--The Definitive Edition (The Collected Works of F. A. Hayek, Volume 2)",Hayek,4.7,1870,17,2010,FALSE
The Room Where It Happened: A White House Memoir,John Bolton,4.3,48061,14.6,2020,FALSE
"The Serpent's Shadow (The Kane Chronicles, Book 3)",Rick Riordan,4.8,3692,14.32,2012,TRUE
The Shack: Where Tragedy Confronts Eternity,William P. Young,4.7,21938,8.25,2017,TRUE
The Short Second Life of Bree Tanner: An Eclipse Novella (The Twilight Saga),Stephenie Meyer,4.7,4796,12.8,2010,TRUE
The Silent Patient,Alex Michaelides,4.5,79882,13.89,2019,TRUE
The Silent Patient,Alex Michaelides,4.5,79882,13.89,2020,TRUE
"The Son of Neptune (Heroes of Olympus, Book 2)",Rick Riordan,4.8,7793,0.55,2011,TRUE
"The Splendid and the Vile: A Saga of Churchill, Family, and Defiance During the Blitz",Erik Larson,4.6,1697195,7.67,2020,FALSE
The Subtle Art of Not Giving a F*ck: A Counterintuitive Approach to Living a Good Life,Mark Manson,4.6,53428,8.93,2019,FALSE
The Subtle Art of Not Giving a F*ck: A Counterintuitive Approach to Living a Good Life,Mark Manson,4.6,53428,8.93,2018,FALSE
The Subtle Art of Not Giving a F*ck: A Counterintuitive Approach to Living a Good Life,Mark Manson,4.6,53428,8.93,2017,FALSE
The Sun and Her Flowers,Rupi Kaur,4.8,12337,0.99,2017,FALSE
"The Third Wheel (Diary of a Wimpy Kid, Book 7)",Jeff Kinney,4.7,9728,12.99,2012,TRUE
"The Throne of Fire (The Kane Chronicles, Book 2)",Rick Riordan,4.8,2680,1.33,2011,TRUE
The Total Money Makeover: Classic Edition: A Proven Plan for Financial Fitness,Dave Ramsey,4.7,21800,11.89,2019,FALSE
"The Ugly Truth (Diary of a Wimpy Kid, Book 5)",Jeff Kinney,4.8,7449,8.99,2010,TRUE
The Unofficial Harry Potter Cookbook: From Cauldron Cakes to Knickerbocker Glory--More Than 150 Magical Recipes for・ｦ,Dinah Bucholz,4.7,23136,1.93,2019,FALSE
The Vanishing Half: A Novel,Brit Bennett,4.4,68578,9.92,2020,TRUE
The Very Hungry Caterpillar,Eric Carle,4.9,36376,5.05,2016,TRUE
The Very Hungry Caterpillar,Eric Carle,4.9,36376,5.05,2017,TRUE
The Very Hungry Caterpillar,Eric Carle,4.9,36376,5.05,2014,TRUE
The Very Hungry Caterpillar,Eric Carle,4.9,36376,5.05,2015,TRUE
The Very Hungry Caterpillar,Eric Carle,4.9,36376,5.05,2019,TRUE
The Very Hungry Caterpillar,Eric Carle,4.9,36376,5.05,2018,TRUE
The Very Hungry Caterpillar,Eric Carle,4.9,36376,5.05,2013,TRUE
The Very Hungry Caterpillar,Eric Carle,4.9,36376,5.05,2020,TRUE
The Whole30: The 30-Day Guide to Total Health and Food Freedom,Melissa Hartwig Urban,4.6,12898,5.12,2015,FALSE
The Whole30: The 30-Day Guide to Total Health and Food Freedom,Melissa Hartwig Urban,4.6,12898,5.12,2017,FALSE
The Whole30: The 30-Day Guide to Total Health and Food Freedom,Melissa Hartwig Urban,4.6,12898,5.12,2016,FALSE
The Wonderful Things You Will Be,Emily Winfield Martin,4.9,16118,1.99,2018,TRUE
The Wonderful Things You Will Be,Emily Winfield Martin,4.9,16118,1.99,2016,TRUE
The Wonderful Things You Will Be,Emily Winfield Martin,4.9,16118,1.99,2017,TRUE
The Wonderful Things You Will Be,Emily Winfield Martin,4.9,16118,1.99,2019,TRUE
The Wonky Donkey,Craig Smith,4.8,59997,1.14,2020,TRUE
The Wonky Donkey,Craig Smith,4.8,59997,1.14,2018,TRUE
The Wonky Donkey,Craig Smith,4.8,59997,1.14,2019,TRUE
The Wright Brothers,David McCullough,4.7,7034,1.33,2015,FALSE
"Things That Matter: Three Decades of Passions, Pastimes and Politics [Deckled Edge]",Charles Krauthammer,4.7,7614,13.99,2013,FALSE
"Thinking, Fast and Slow",Daniel Kahneman,4.6,20760,25.49,2011,FALSE
"Thinking, Fast and Slow",Daniel Kahneman,4.6,20760,25.49,2012,FALSE
Thirteen Reasons Why,Jay Asher,4.5,11970,0.25,2017,TRUE
Thomas Jefferson: The Art of Power,Jon Meacham,4.6,2501,18.67,2012,FALSE
Three Cups of Tea: One Man's Mission to Promote Peace - One School at a Time,Greg Mortenson,4.4,3440,10.9,2010,FALSE
Thug Kitchen: The Official Cookbook: Eat Like You Give a F*ck (Thug Kitchen Cookbooks),Thug Kitchen,4.6,13415,44,2017,FALSE
Thug Kitchen: The Official Cookbook: Eat Like You Give a F*ck (Thug Kitchen Cookbooks),Thug Kitchen,4.6,13415,44,2016,FALSE
Thug Kitchen: The Official Cookbook: Eat Like You Give a F*ck (Thug Kitchen Cookbooks),Thug Kitchen,4.6,13415,44,2014,FALSE
Thug Kitchen: The Official Cookbook: Eat Like You Give a F*ck (Thug Kitchen Cookbooks),Thug Kitchen,4.6,13415,44,2015,FALSE
Tina Fey: Bossypants,Tina Fey,4.6,1697194,11.3,2011,FALSE
To Kill a Mockingbird,Harper Lee,4.6,1697194,1.23,2019,TRUE
To Kill a Mockingbird,Harper Lee,4.6,1697194,0.35,2013,TRUE
To Kill a Mockingbird,Harper Lee,4.6,1697194,0.35,2016,TRUE
To Kill a Mockingbird,Harper Lee,4.6,1697194,0.35,2015,TRUE
To Kill a Mockingbird,Harper Lee,4.6,1697194,0.35,2014,TRUE
Too Much and Never Enough: How My Family Created the World's Most Dangerous Man,Mary L. Trump Ph.D.,4.6,99089,10.34,2020,FALSE
"Tools of Titans: The Tactics, Routines, and Habits of Billionaires, Icons, and World-Class Performers",Timothy Ferriss,4.7,6267,15.68,2017,FALSE
"Towers of Midnight (Wheel of Time, Book Thirteen)",Robert Jordan,4.8,3648,23.74,2010,TRUE
Ultimate Sticker Book: Frozen: More Than 60 Reusable Full-Color Stickers,DK,4.6,4148,1.15,2014,FALSE
"Unbroken: A World War II Story of Survival, Resilience, and Redemption",Laura Hillenbrand,4.8,31894,0.36,2011,FALSE
"Unbroken: A World War II Story of Survival, Resilience, and Redemption",Laura Hillenbrand,4.8,31894,0.36,2014,FALSE
"Unbroken: A World War II Story of Survival, Resilience, and Redemption",Laura Hillenbrand,4.8,31894,0.36,2012,FALSE
"Unbroken: A World War II Story of Survival, Resilience, and Redemption",Laura Hillenbrand,4.8,31894,0.36,2010,FALSE
"Unbroken: A World War II Story of Survival, Resilience, and Redemption",Laura Hillenbrand,4.8,31894,0.94,2014,FALSE
Unfreedom of the Press,Mark R. Levin,4.9,8541,11.16,2019,FALSE
Unicorn Coloring Book: For Kids Ages 4-8 (US Edition) (Silly Bear Coloring Books),Silly Bear,4.8,14973,1,2019,FALSE
"Uninvited: Living Loved When You Feel Less Than, Left Out, and Lonely",Lysa TerKeurst,4.7,7906,7,2016,FALSE
Untamed,Glennon Doyle,4.6,1697195,4.99,2020,FALSE
Wacky Waving Inflatable Tube Guy (RP Minis),Conor Riordan,4,30933,5.92,2020,FALSE
Water for Elephants: A Novel,Sara Gruen,4.6,9784,10.38,2011,TRUE
What Happened,Hillary Rodham Clinton,4.6,6498,13.28,2017,FALSE
What If?: Serious Scientific Answers to Absurd Hypothetical Questions,Randall Munroe,4.7,15226,2.12,2014,FALSE
What Pet Should I Get? (Classic Seuss),Dr. Seuss,4.8,4776,0.99,2015,TRUE
What Should Danny Do? (The Power to Choose Series),Adir Levy,4.8,17831,3.65,2020,FALSE
What Should Danny Do? (The Power to Choose Series),Adir Levy,4.8,17831,3.65,2019,FALSE
What to Expect When You're Expecting,Heidi Murkoff,4.4,3619,19.19,2011,FALSE
"Wheat Belly: Lose the Wheat, Lose the Weight, and Find Your Path Back to Health",William Davis,4.4,8290,0.35,2012,FALSE
"Wheat Belly: Lose the Wheat, Lose the Weight, and Find Your Path Back to Health",William Davis,4.4,8290,0.35,2013,FALSE
When Breath Becomes Air,Paul Kalanithi,4.7,20844,14.63,2016,FALSE
Where the Crawdads Sing,Delia Owens,4.6,1697195,2.32,2019,TRUE
Where the Crawdads Sing,Delia Owens,4.6,1697195,2.32,2020,TRUE
White Fragility: Why It's So Hard for White People to Talk About Racism,Robin DiAngelo,4.5,35424,2.41,2020,FALSE
Whose Boat Is This Boat?: Comments That Don't Help in the Aftermath of a Hurricane,The Staff of The Late Show with・ｦ,4.6,9265,9.97,2018,FALSE
Wild: From Lost to Found on the Pacific Crest Trail,Cheryl Strayed,4.5,20640,15.35,2012,TRUE
Winter of the World: Book Two of the Century Trilogy,Ken Follett,4.6,14360,12.97,2012,TRUE
Women Food and God: An Unexpected Path to Almost Everything,Geneen Roth,4.3,1721,15.88,2010,FALSE
Wonder,R. J. Palacio,4.8,30845,0.35,2017,TRUE
Wonder,R. J. Palacio,4.8,30845,0.35,2015,TRUE
Wonder,R. J. Palacio,4.8,30845,0.35,2013,TRUE
Wonder,R. J. Palacio,4.8,30845,0.35,2014,TRUE
Wonder,R. J. Palacio,4.8,30845,0.35,2016,TRUE
Wrecking Ball (Diary of a Wimpy Kid Book 14),Jeff Kinney,4.9,16016,1.74,2019,TRUE
You Are a Badass: How to Stop Doubting Your Greatness and Start Living an Awesome Life,Jen Sincero,4.7,28561,1.17,2019,TRUE
You Are a Badass: How to Stop Doubting Your Greatness and Start Living an Awesome Life,Jen Sincero,4.7,28561,1.17,2018,TRUE
You Are a Badass: How to Stop Doubting Your Greatness and Start Living an Awesome Life,Jen Sincero,4.7,28561,1.17,2017,TRUE
You Are a Badass: How to Stop Doubting Your Greatness and Start Living an Awesome Life,Jen Sincero,4.7,28561,1.17,2016,TRUE
